Sample_id,Sample_label
1,3
2,3
3,7
4,1
5,1
6,6
7,6
8,1
9,3
10,2
11,1
12,1
13,1
14,4
15,2
16,1
17,3
18,1
19,3
20,2
21,3
22,1
23,1
24,7
25,1
26,7
27,3
28,3
29,6
30,7
31,3
32,1
33,7
34,6
35,4
36,2
37,1
38,1
39,1
40,2
41,1
42,2
43,3
44,3
45,1
46,2
47,2
48,1
49,6
50,7
51,2
52,3
53,7
54,7
55,3
56,3
57,6
58,1
59,3
60,1
61,7
62,1
63,6
64,1
65,6
66,1
67,1
68,2
69,2
70,1
71,1
72,6
73,6
74,3
75,3
76,2
77,1
78,3
79,6
80,7
81,3
82,1
83,1
84,2
85,3
86,1
87,4
88,3
89,6
90,6
91,6
92,1
93,1
94,1
95,1
96,1
97,6
98,3
99,2
100,3
101,1
102,4
103,3
104,1
105,4
106,1
107,1
108,1
109,2
110,1
111,3
112,3
113,1
114,1
115,1
116,6
117,1
118,1
119,1
120,1
121,1
122,1
123,6
124,1
125,3
126,6
127,1
128,1
129,6
130,2
131,3
132,1
133,5
134,6
135,6
136,4
137,6
138,3
139,3
140,1
141,1
142,1
143,3
144,1
145,6
146,1
147,1
148,6
149,3
150,4
151,1
152,6
153,2
154,7
155,7
156,1
157,3
158,6
159,6
160,6
161,3
162,6
163,3
164,6
165,6
166,6
167,1
168,6
169,6
170,6
171,2
172,3
173,3
174,6
175,1
176,2
177,1
178,3
179,6
180,3
181,1
182,1
183,2
184,2
185,2
186,1
187,3
188,3
189,1
190,4
191,7
192,2
193,1
194,3
195,1
196,3
197,3
198,1
199,7
200,1
201,2
202,3
203,6
204,1
205,6
206,6
207,3
208,1
209,4
210,3
211,1
212,3
213,6
214,1
215,1
216,1
217,6
218,7
219,6
220,2
221,3
222,1
223,1
224,3
225,4
226,2
227,1
228,1
229,3
230,1
231,3
232,6
233,7
234,1
235,6
236,1
237,3
238,6
239,1
240,1
241,3
242,1
243,6
244,1
245,6
246,1
247,1
248,2
249,7
250,2
251,1
252,6
253,1
254,3
255,1
256,4
257,6
258,7
259,1
260,6
261,6
262,2
263,1
264,1
265,4
266,1
267,1
268,6
269,2
270,6
271,2
272,3
273,6
274,6
275,7
276,7
277,7
278,1
279,1
280,3
281,4
282,1
283,1
284,6
285,1
286,3
287,3
288,1
289,7
290,1
291,1
292,7
293,3
294,6
295,7
296,6
297,1
298,1
299,1
300,1
301,1
302,1
303,3
304,1
305,6
306,1
307,1
308,2
309,7
310,1
311,1
312,3
313,1
314,3
315,2
316,9
317,3
318,1
319,2
320,1
321,1
322,3
323,1
324,1
325,1
326,6
327,3
328,1
329,1
330,1
331,4
332,3
333,3
334,1
335,1
336,1
337,6
338,3
339,3
340,6
341,1
342,6
343,1
344,3
345,1
346,2
347,3
348,3
349,6
350,1
351,1
352,3
353,3
354,1
355,1
356,1
357,6
358,3
359,7
360,1
361,1
362,1
363,1
364,3
365,6
366,3
367,3
368,3
369,1
370,6
371,1
372,2
373,1
374,1
375,1
376,4
377,3
378,1
379,1
380,7
381,1
382,1
383,1
384,1
385,1
386,3
387,3
388,1
389,1
390,2
391,6
392,1
393,6
394,1
395,4
396,7
397,1
398,6
399,1
400,1
401,2
402,1
403,7
404,2
405,2
406,2
407,1
408,1
409,1
410,1
411,1
412,4
413,1
414,1
415,3
416,1
417,9
418,1
419,6
420,3
421,1
422,2
423,7
424,6
425,1
426,2
427,2
428,6
429,3
430,3
431,3
432,1
433,1
434,4
435,6
436,1
437,3
438,3
439,6
440,7
441,6
442,3
443,6
444,3
445,3
446,3
447,1
448,3
449,6
450,1
451,1
452,2
453,1
454,6
455,1
456,3
457,3
458,1
459,7
460,3
461,1
462,1
463,3
464,1
465,1
466,1
467,3
468,7
469,6
470,6
471,3
472,1
473,2
474,1
475,2
476,7
477,3
478,6
479,4
480,6
481,3
482,3
483,6
484,3
485,1
486,3
487,1
488,1
489,6
490,7
491,7
492,6
493,1
494,3
495,2
496,2
497,3
498,6
499,2
500,1
501,6
502,1
503,7
504,1
505,6
506,1
507,1
508,6
509,6
510,1
511,4
512,3
513,1
514,2
515,3
516,4
517,2
518,6
519,1
520,7
521,3
522,1
523,3
524,1
525,1
526,1
527,7
528,7
529,1
530,3
531,2
532,1
533,6
534,1
535,1
536,1
537,2
538,1
539,3
540,6
541,3
542,3
543,3
544,6
545,1
546,1
547,7
548,1
549,7
550,6
551,2
552,4
553,6
554,1
555,1
556,2
557,1
558,4
559,4
560,1
561,1
562,6
563,2
564,3
565,1
566,1
567,1
568,6
569,2
570,4
571,6
572,1
573,1
574,1
575,1
576,3
577,3
578,1
579,6
580,3
581,3
582,6
583,1
584,3
585,2
586,3
587,1
588,1
589,6
590,1
591,2
592,6
593,1
594,1
595,1
596,1
597,6
598,1
599,6
600,6
601,1
602,3
603,3
604,1
605,3
606,1
607,1
608,1
609,3
610,7
611,6
612,1
613,3
614,3
615,1
616,3
617,1
618,1
619,6
620,1
621,1
622,1
623,1
624,7
625,6
626,7
627,6
628,1
629,6
630,4
631,4
632,1
633,2
634,6
635,7
636,1
637,3
638,1
639,1
640,3
641,1
642,4
643,1
644,3
645,1
646,1
647,2
648,3
649,7
650,1
651,3
652,1
653,6
654,3
655,2
656,1
657,6
658,3
659,1
660,4
661,3
662,1
663,7
664,1
665,6
666,6
667,3
668,1
669,9
670,7
671,1
672,1
673,1
674,1
675,6
676,1
677,1
678,1
679,2
680,1
681,1
682,1
683,1
684,1
685,4
686,6
687,1
688,6
689,3
690,1
691,1
692,6
693,1
694,1
695,6
696,1
697,1
698,6
699,3
700,3
701,3
702,6
703,1
704,6
705,1
706,6
707,1
708,6
709,7
710,1
711,1
712,3
713,1
714,1
715,6
716,3
717,1
718,6
719,1
720,1
721,6
722,3
723,6
724,2
725,3
726,1
727,3
728,1
729,1
730,1
731,1
732,1
733,6
734,6
735,6
736,3
737,1
738,2
739,6
740,1
741,1
742,7
743,3
744,7
745,4
746,3
747,7
748,1
749,7
750,7
751,6
752,3
753,7
754,7
755,6
756,1
757,7
758,7
759,6
760,1
761,3
762,1
763,1
764,6
765,1
766,3
767,1
768,7
769,6
770,1
771,1
772,1
773,6
774,1
775,1
776,6
777,1
778,3
779,7
780,6
781,1
782,7
783,1
784,3
785,2
786,1
787,1
788,3
789,1
790,1
791,1
792,1
793,3
794,3
795,2
796,1
797,3
798,1
799,1
800,3
801,1
802,6
803,3
804,1
805,1
806,2
807,1
808,1
809,6
810,6
811,2
812,3
813,3
814,1
815,2
816,7
817,6
818,1
819,7
820,6
821,1
822,1
823,3
824,1
825,3
826,6
827,1
828,1
829,1
830,2
831,6
832,3
833,1
834,6
835,1
836,1
837,1
838,6
839,6
840,1
841,1
842,2
843,1
844,9
845,3
846,6
847,1
848,6
849,4
850,3
851,4
852,1
853,6
854,3
855,1
856,6
857,1
858,1
859,3
860,6
861,1
862,6
863,1
864,1
865,4
866,3
867,3
868,6
869,6
870,2
871,1
872,1
873,1
874,1
875,3
876,6
877,6
878,4
879,1
880,6
881,3
882,6
883,4
884,2
885,3
886,3
887,4
888,1
889,6
890,1
891,1
892,4
893,6
894,1
895,1
896,1
897,1
898,6
899,2
900,6
901,1
902,2
903,2
904,6
905,1
906,2
907,6
908,6
909,1
910,1
911,1
912,6
913,1
914,1
915,1
916,6
917,1
918,4
919,6
920,1
921,6
922,1
923,1
924,1
925,1
926,3
927,1
928,6
929,9
930,1
931,2
932,1
933,2
934,1
935,2
936,1
937,1
938,1
939,1
940,3
941,6
942,1
943,6
944,3
945,2
946,1
947,1
948,4
949,3
950,2
951,4
952,1
953,1
954,6
955,1
956,6
957,1
958,6
959,1
960,1
961,3
962,2
963,3
964,1
965,6
966,6
967,6
968,6
969,3
970,3
971,3
972,1
973,1
974,6
975,3
976,3
977,6
978,1
979,6
980,3
981,2
982,1
983,1
984,4
985,6
986,1
987,4
988,8
989,7
990,2
991,1
992,4
993,1
994,7
995,6
996,3
997,3
998,6
999,3
1000,1
1001,1
1002,6
1003,6
1004,9
1005,3
1006,1
1007,1
1008,1
1009,1
1010,1
1011,1
1012,4
1013,2
1014,1
1015,9
1016,1
1017,1
1018,1
1019,1
1020,3
1021,1
1022,3
1023,1
1024,6
1025,6
1026,3
1027,1
1028,6
1029,1
1030,3
1031,3
1032,2
1033,1
1034,1
1035,1
1036,6
1037,6
1038,6
1039,1
1040,6
1041,4
1042,7
1043,2
1044,7
1045,3
1046,1
1047,1
1048,3
1049,6
1050,1
1051,1
1052,7
1053,7
1054,3
1055,1
1056,7
1057,7
1058,7
1059,4
1060,1
1061,6
1062,7
1063,1
1064,6
1065,9
1066,1
1067,3
1068,6
1069,1
1070,3
1071,6
1072,6
1073,3
1074,1
1075,1
1076,6
1077,7
1078,6
1079,3
1080,7
1081,3
1082,2
1083,1
1084,2
1085,1
1086,1
1087,1
1088,2
1089,7
1090,3
1091,1
1092,3
1093,1
1094,6
1095,6
1096,1
1097,3
1098,1
1099,1
1100,1
1101,5
1102,1
1103,7
1104,1
1105,1
1106,3
1107,4
1108,2
1109,3
1110,1
1111,6
1112,6
1113,6
1114,1
1115,1
1116,6
1117,3
1118,6
1119,1
1120,6
1121,1
1122,1
1123,7
1124,4
1125,6
1126,7
1127,1
1128,4
1129,6
1130,7
1131,4
1132,3
1133,7
1134,1
1135,7
1136,1
1137,6
1138,1
1139,6
1140,1
1141,1
1142,6
1143,2
1144,2
1145,1
1146,2
1147,1
1148,3
1149,2
1150,1
1151,2
1152,1
1153,1
1154,1
1155,2
1156,1
1157,1
1158,1
1159,4
1160,1
1161,2
1162,3
1163,1
1164,1
1165,1
1166,2
1167,1
1168,4
1169,6
1170,1
1171,6
1172,2
1173,6
1174,6
1175,2
1176,6
1177,6
1178,6
1179,1
1180,2
1181,3
1182,2
1183,1
1184,7
1185,3
1186,2
1187,3
1188,7
1189,7
1190,1
1191,1
1192,6
1193,1
1194,3
1195,1
1196,6
1197,3
1198,6
1199,3
1200,2
1201,2
1202,1
1203,3
1204,7
1205,3
1206,9
1207,6
1208,2
1209,6
1210,6
1211,3
1212,1
1213,1
1214,1
1215,1
1216,6
1217,6
1218,6
1219,3
1220,1
1221,1
1222,2
1223,6
1224,6
1225,6
1226,1
1227,1
1228,1
1229,1
1230,3
1231,3
1232,3
1233,2
1234,2
1235,1
1236,1
1237,3
1238,3
1239,3
1240,1
1241,3
1242,1
1243,6
1244,7
1245,1
1246,4
1247,1
1248,2
1249,6
1250,3
1251,4
1252,1
1253,3
1254,1
1255,6
1256,3
1257,6
1258,1
1259,6
1260,3
1261,1
1262,7
1263,1
1264,1
1265,1
1266,6
1267,1
1268,1
1269,7
1270,1
1271,3
1272,4
1273,1
1274,3
1275,3
1276,3
1277,1
1278,1
1279,6
1280,2
1281,1
1282,3
1283,7
1284,6
1285,6
1286,3
1287,1
1288,1
1289,6
1290,7
1291,6
1292,6
1293,7
1294,3
1295,6
1296,7
1297,1
1298,1
1299,3
1300,2
1301,3
1302,1
1303,6
1304,3
1305,1
1306,1
1307,1
1308,1
1309,1
1310,6
1311,3
1312,6
1313,1
1314,1
1315,7
1316,6
1317,6
1318,2
1319,6
1320,1
1321,6
1322,1
1323,1
1324,6
1325,2
1326,1
1327,1
1328,1
1329,6
1330,3
1331,6
1332,1
1333,7
1334,1
1335,7
1336,7
1337,2
1338,7
1339,2
1340,1
1341,1
1342,1
1343,1
1344,1
1345,3
1346,3
1347,4
1348,1
1349,1
1350,6
1351,7
1352,2
1353,1
1354,4
1355,1
1356,2
1357,1
1358,2
1359,4
1360,1
1361,4
1362,1
1363,3
1364,1
1365,1
1366,6
1367,1
1368,3
1369,2
1370,6
1371,6
1372,1
1373,3
1374,1
1375,7
1376,3
1377,5
1378,3
1379,4
1380,3
1381,1
1382,1
1383,7
1384,3
1385,3
1386,1
1387,3
1388,9
1389,1
1390,1
1391,6
1392,1
1393,6
1394,1
1395,1
1396,1
1397,6
1398,4
1399,6
1400,1
1401,3
1402,1
1403,6
1404,6
1405,3
1406,6
1407,2
1408,2
1409,1
1410,3
1411,6
1412,3
1413,1
1414,2
1415,3
1416,1
1417,6
1418,7
1419,6
1420,1
1421,1
1422,7
1423,4
1424,3
1425,6
1426,6
1427,6
1428,2
1429,7
1430,7
1431,1
1432,1
1433,3
1434,1
1435,9
1436,3
1437,2
1438,3
1439,3
1440,4
1441,1
1442,6
1443,1
1444,1
1445,1
1446,2
1447,3
1448,6
1449,1
1450,1
1451,6
1452,7
1453,1
1454,1
1455,1
1456,1
1457,1
1458,1
1459,6
1460,1
1461,1
1462,2
1463,1
1464,7
1465,6
1466,3
1467,1
1468,6
1469,7
1470,3
1471,2
1472,3
1473,1
1474,1
1475,3
1476,3
1477,4
1478,1
1479,4
1480,1
1481,3
1482,3
1483,1
1484,7
1485,1
1486,4
1487,1
1488,6
1489,1
1490,7
1491,1
1492,3
1493,6
1494,6
1495,1
1496,2
1497,1
1498,2
1499,1
1500,2
1501,6
1502,1
1503,3
1504,6
1505,1
1506,1
1507,1
1508,1
1509,7
1510,7
1511,1
1512,2
1513,1
1514,6
1515,1
1516,4
1517,7
1518,4
1519,1
1520,4
1521,1
1522,1
1523,1
1524,3
1525,6
1526,1
1527,1
1528,2
1529,6
1530,6
1531,7
1532,1
1533,6
1534,2
1535,1
1536,6
1537,1
1538,1
1539,6
1540,2
1541,1
1542,1
1543,1
1544,6
1545,7
1546,1
1547,1
1548,1
1549,1
1550,1
1551,1
1552,1
1553,2
1554,1
1555,3
1556,6
1557,1
1558,1
1559,1
1560,6
1561,1
1562,1
1563,6
1564,1
1565,7
1566,6
1567,3
1568,3
1569,6
1570,1
1571,2
1572,3
1573,1
1574,3
1575,6
1576,1
1577,3
1578,1
1579,9
1580,1
1581,1
1582,1
1583,1
1584,6
1585,3
1586,3
1587,3
1588,6
1589,6
1590,7
1591,3
1592,1
1593,3
1594,1
1595,3
1596,1
1597,1
1598,7
1599,3
1600,6
1601,3
1602,2
1603,1
1604,3
1605,1
1606,7
1607,3
1608,2
1609,1
1610,1
1611,6
1612,1
1613,2
1614,3
1615,9
1616,7
1617,1
1618,2
1619,1
1620,7
1621,3
1622,1
1623,1
1624,7
1625,3
1626,1
1627,1
1628,1
1629,3
1630,1
1631,3
1632,4
1633,3
1634,1
1635,1
1636,7
1637,1
1638,1
1639,1
1640,3
1641,1
1642,9
1643,1
1644,6
1645,3
1646,3
1647,2
1648,1
1649,6
1650,1
1651,6
1652,1
1653,7
1654,2
1655,1
1656,2
1657,1
1658,1
1659,4
1660,6
1661,2
1662,6
1663,1
1664,3
1665,6
1666,6
1667,1
1668,6
1669,7
1670,1
1671,1
1672,1
1673,1
1674,4
1675,1
1676,1
1677,1
1678,3
1679,6
1680,6
1681,1
1682,1
1683,1
1684,3
1685,4
1686,3
1687,6
1688,7
1689,1
1690,1
1691,6
1692,6
1693,1
1694,3
1695,1
1696,3
1697,2
1698,1
1699,7
1700,6
1701,1
1702,1
1703,1
1704,4
1705,1
1706,6
1707,3
1708,1
1709,6
1710,1
1711,1
1712,1
1713,3
1714,6
1715,3
1716,7
1717,6
1718,1
1719,3
1720,3
1721,3
1722,1
1723,1
1724,1
1725,1
1726,1
1727,7
1728,7
1729,1
1730,3
1731,1
1732,1
1733,6
1734,3
1735,1
1736,1
1737,7
1738,6
1739,1
1740,7
1741,1
1742,1
1743,3
1744,2
1745,2
1746,1
1747,6
1748,1
1749,7
1750,6
1751,3
1752,1
1753,3
1754,7
1755,2
1756,1
1757,1
1758,1
1759,3
1760,6
1761,3
1762,1
1763,1
1764,6
1765,2
1766,3
1767,9
1768,3
1769,1
1770,3
1771,1
1772,6
1773,1
1774,6
1775,3
1776,1
1777,1
1778,1
1779,6
1780,6
1781,3
1782,1
1783,1
1784,3
1785,6
1786,1
1787,6
1788,1
1789,1
1790,6
1791,1
1792,3
1793,3
1794,7
1795,3
1796,1
1797,1
1798,6
1799,3
1800,3
1801,1
1802,6
1803,2
1804,1
1805,1
1806,1
1807,6
1808,6
1809,6
1810,1
1811,3
1812,7
1813,3
1814,1
1815,4
1816,1
1817,1
1818,1
1819,3
1820,3
1821,1
1822,3
1823,1
1824,4
1825,4
1826,3
1827,4
1828,1
1829,3
1830,6
1831,3
1832,6
1833,3
1834,9
1835,3
1836,7
1837,6
1838,3
1839,1
1840,1
1841,1
1842,1
1843,1
1844,6
1845,1
1846,7
1847,1
1848,1
1849,1
1850,7
1851,1
1852,1
1853,1
1854,6
1855,3
1856,7
1857,6
1858,9
1859,7
1860,7
1861,2
1862,1
1863,2
1864,1
1865,1
1866,4
1867,3
1868,1
1869,6
1870,6
1871,1
1872,3
1873,1
1874,3
1875,2
1876,1
1877,3
1878,2
1879,1
1880,6
1881,1
1882,4
1883,3
1884,2
1885,1
1886,6
1887,1
1888,3
1889,3
1890,6
1891,1
1892,3
1893,4
1894,1
1895,6
1896,7
1897,1
1898,1
1899,4
1900,2
1901,3
1902,3
1903,4
1904,6
1905,7
1906,6
1907,2
1908,1
1909,1
1910,6
1911,6
1912,2
1913,1
1914,2
1915,2
1916,1
1917,6
1918,1
1919,2
1920,3
1921,1
1922,1
1923,1
1924,3
1925,3
1926,1
1927,3
1928,3
1929,1
1930,4
1931,6
1932,6
1933,6
1934,6
1935,1
1936,1
1937,3
1938,6
1939,1
1940,5
1941,6
1942,7
1943,4
1944,7
1945,1
1946,6
1947,1
1948,1
1949,3
1950,6
1951,6
1952,3
1953,2
1954,2
1955,1
1956,1
1957,4
1958,1
1959,1
1960,1
1961,2
1962,3
1963,6
1964,1
1965,7
1966,2
1967,3
1968,5
1969,7
1970,2
1971,1
1972,4
1973,1
1974,2
1975,1
1976,1
1977,6
1978,3
1979,6
1980,1
1981,3
1982,1
1983,1
1984,1
1985,2
1986,3
1987,2
1988,1
1989,1
1990,7
1991,8
1992,1
1993,1
1994,3
1995,3
1996,1
1997,6
1998,1
1999,6
2000,1
2001,2
2002,4
2003,2
2004,1
2005,3
2006,7
2007,3
2008,1
2009,6
2010,4
2011,3
2012,6
2013,2
2014,2
2015,3
2016,3
2017,7
2018,4
2019,3
2020,7
2021,1
2022,4
2023,1
2024,1
2025,1
2026,3
2027,6
2028,1
2029,7
2030,1
2031,3
2032,6
2033,1
2034,3
2035,1
2036,6
2037,3
2038,7
2039,1
2040,1
2041,3
2042,3
2043,1
2044,6
2045,2
2046,4
2047,3
2048,7
2049,2
2050,3
2051,1
2052,7
2053,6
2054,1
2055,1
2056,2
2057,6
2058,6
2059,1
2060,6
2061,7
2062,3
2063,1
2064,1
2065,3
2066,6
2067,1
2068,1
2069,1
2070,2
2071,6
2072,6
2073,6
2074,1
2075,1
2076,1
2077,3
2078,3
2079,6
2080,6
2081,1
2082,1
2083,3
2084,1
2085,3
2086,1
2087,3
2088,1
2089,7
2090,7
2091,7
2092,3
2093,1
2094,3
2095,1
2096,3
2097,1
2098,3
2099,2
2100,1
2101,1
2102,1
2103,2
2104,7
2105,2
2106,6
2107,3
2108,6
2109,1
2110,6
2111,1
2112,6
2113,1
2114,1
2115,3
2116,1
2117,1
2118,1
2119,7
2120,2
2121,1
2122,2
2123,6
2124,3
2125,1
2126,1
2127,1
2128,7
2129,7
2130,1
2131,1
2132,1
2133,2
2134,1
2135,1
2136,1
2137,6
2138,3
2139,1
2140,1
2141,1
2142,3
2143,2
2144,1
2145,1
2146,2
2147,3
2148,3
2149,6
2150,1
2151,1
2152,1
2153,4
2154,6
2155,6
2156,6
2157,4
2158,4
2159,1
2160,1
2161,6
2162,2
2163,6
2164,3
2165,1
2166,3
2167,4
2168,1
2169,7
2170,6
2171,1
2172,3
2173,1
2174,3
2175,1
2176,1
2177,1
2178,1
2179,3
2180,1
2181,2
2182,1
2183,1
2184,6
2185,6
2186,7
2187,6
2188,3
2189,1
2190,3
2191,1
2192,3
2193,4
2194,1
2195,6
2196,1
2197,6
2198,1
2199,2
2200,2
2201,7
2202,1
2203,1
2204,3
2205,6
2206,1
2207,3
2208,1
2209,1
2210,7
2211,2
2212,7
2213,1
2214,3
2215,1
2216,3
2217,3
2218,6
2219,1
2220,2
2221,3
2222,1
2223,1
2224,3
2225,2
2226,3
2227,1
2228,7
2229,1
2230,3
2231,1
2232,1
2233,4
2234,1
2235,1
2236,4
2237,1
2238,6
2239,1
2240,1
2241,1
2242,1
2243,1
2244,7
2245,7
2246,1
2247,3
2248,3
2249,1
2250,6
2251,1
2252,7
2253,3
2254,3
2255,1
2256,1
2257,3
2258,7
2259,1
2260,1
2261,1
2262,3
2263,1
2264,1
2265,1
2266,1
2267,1
2268,7
2269,4
2270,1
2271,1
2272,9
2273,1
2274,6
2275,3
2276,6
2277,6
2278,3
2279,1
2280,9
2281,3
2282,2
2283,1
2284,6
2285,3
2286,7
2287,3
2288,1
2289,1
2290,3
2291,1
2292,2
2293,1
2294,1
2295,1
2296,3
2297,3
2298,3
2299,1
2300,1
2301,3
2302,6
2303,6
2304,6
2305,6
2306,1
2307,1
2308,2
2309,9
2310,7
2311,1
2312,1
2313,1
2314,6
2315,4
2316,1
2317,2
2318,5
2319,1
2320,6
2321,1
2322,2
2323,1
2324,6
2325,1
2326,3
2327,1
2328,6
2329,1
2330,7
2331,3
2332,6
2333,3
2334,1
2335,3
2336,1
2337,6
2338,1
2339,4
2340,2
2341,1
2342,6
2343,7
2344,2
2345,1
2346,1
2347,6
2348,3
2349,3
2350,6
2351,1
2352,3
2353,6
2354,6
2355,1
2356,1
2357,1
2358,7
2359,3
2360,6
2361,3
2362,3
2363,1
2364,6
2365,1
2366,6
2367,1
2368,1
2369,3
2370,3
2371,6
2372,6
2373,1
2374,1
2375,4
2376,2
2377,1
2378,3
2379,1
2380,6
2381,4
2382,1
2383,6
2384,3
2385,7
2386,3
2387,6
2388,1
2389,4
2390,3
2391,2
2392,1
2393,1
2394,4
2395,1
2396,1
2397,1
2398,3
2399,3
2400,6
2401,1
2402,3
2403,1
2404,6
2405,2
2406,6
2407,1
2408,7
2409,1
2410,1
2411,1
2412,7
2413,6
2414,3
2415,1
2416,7
2417,2
2418,3
2419,2
2420,3
2421,7
2422,1
2423,1
2424,1
2425,3
2426,6
2427,5
2428,6
2429,3
2430,3
2431,1
2432,1
2433,1
2434,6
2435,1
2436,1
2437,1
2438,1
2439,1
2440,1
2441,6
2442,2
2443,6
2444,7
2445,6
2446,6
2447,1
2448,3
2449,4
2450,1
2451,3
2452,3
2453,1
2454,1
2455,6
2456,3
2457,2
2458,6
2459,1
2460,6
2461,1
2462,1
2463,1
2464,2
2465,4
2466,6
2467,3
2468,6
2469,1
2470,1
2471,1
2472,6
2473,1
2474,6
2475,4
2476,1
2477,7
2478,3
2479,1
2480,3
2481,6
2482,3
2483,1
2484,6
2485,2
2486,3
2487,7
2488,3
2489,3
2490,6
2491,1
2492,1
2493,7
2494,7
2495,1
2496,6
2497,3
2498,1
2499,1
2500,3
2501,6
2502,1
2503,7
2504,1
2505,2
2506,7
2507,1
2508,1
2509,1
2510,1
2511,6
2512,4
2513,1
2514,7
2515,3
2516,3
2517,1
2518,1
2519,4
2520,1
2521,1
2522,3
2523,3
2524,6
2525,3
2526,6
2527,1
2528,6
2529,2
2530,6
2531,1
2532,3
2533,6
2534,6
2535,3
2536,1
2537,1
2538,3
2539,1
2540,3
2541,3
2542,3
2543,1
2544,3
2545,7
2546,1
2547,2
2548,1
2549,1
2550,3
2551,4
2552,1
2553,2
2554,3
2555,2
2556,3
2557,1
2558,6
2559,6
2560,1
2561,1
2562,6
2563,1
2564,3
2565,1
2566,6
2567,1
2568,6
2569,2
2570,6
2571,1
2572,7
2573,3
2574,7
2575,1
2576,6
2577,3
2578,1
2579,1
2580,1
2581,3
2582,3
2583,1
2584,1
2585,6
2586,1
2587,1
2588,2
2589,2
2590,9
2591,3
2592,6
2593,6
2594,6
2595,7
2596,6
2597,7
2598,1
2599,1
2600,3
2601,6
2602,3
2603,1
2604,1
2605,1
2606,1
2607,1
2608,3
2609,6
2610,6
2611,2
2612,7
2613,6
2614,1
2615,3
2616,1
2617,6
2618,1
2619,3
2620,1
2621,1
2622,1
2623,3
2624,3
2625,7
2626,1
2627,1
2628,1
2629,3
2630,3
2631,3
2632,4
2633,3
2634,3
2635,6
2636,1
2637,5
2638,1
2639,2
2640,6
2641,1
2642,1
2643,1
2644,1
2645,1
2646,1
2647,1
2648,1
2649,7
2650,1
2651,1
2652,1
2653,1
2654,3
2655,1
2656,8
2657,3
2658,1
2659,1
2660,4
2661,3
2662,6
2663,1
2664,3
2665,1
2666,3
2667,3
2668,3
2669,2
2670,3
2671,1
2672,1
2673,7
2674,6
2675,1
2676,1
2677,6
2678,2
2679,1
2680,1
2681,2
2682,1
2683,4
2684,3
2685,1
2686,1
2687,7
2688,6
2689,1
2690,1
2691,3
2692,3
2693,3
2694,6
2695,1
2696,3
2697,4
2698,6
2699,1
2700,7
2701,1
2702,2
2703,7
2704,3
2705,1
2706,1
2707,1
2708,6
2709,3
2710,1
2711,7
2712,7
2713,1
2714,1
2715,3
2716,1
2717,2
2718,3
2719,3
2720,1
2721,1
2722,4
2723,1
2724,1
2725,2
2726,7
2727,1
2728,7
2729,1
2730,6
2731,2
2732,1
2733,7
2734,6
2735,6
2736,7
2737,6
2738,1
2739,1
2740,1
2741,1
2742,3
2743,1
2744,1
2745,3
2746,1
2747,1
2748,1
2749,2
2750,4
2751,1
2752,1
2753,1
2754,6
2755,6
2756,9
2757,2
2758,2
2759,6
2760,4
2761,2
2762,6
2763,3
2764,6
2765,6
2766,3
2767,1
2768,4
2769,5
2770,2
2771,7
2772,1
2773,1
2774,1
2775,1
2776,1
2777,7
2778,1
2779,1
2780,2
2781,1
2782,3
2783,3
2784,2
2785,3
2786,1
2787,7
2788,1
2789,3
2790,1
2791,6
2792,3
2793,1
2794,6
2795,6
2796,6
2797,3
2798,6
2799,1
2800,2
2801,1
2802,4
2803,3
2804,3
2805,4
2806,1
2807,1
2808,7
2809,3
2810,1
2811,6
2812,3
2813,3
2814,6
2815,7
2816,2
2817,6
2818,1
2819,6
2820,4
2821,1
2822,2
2823,7
2824,7
2825,1
2826,1
2827,6
2828,3
2829,3
2830,6
2831,6
2832,3
2833,4
2834,6
2835,6
2836,3
2837,2
2838,1
2839,6
2840,6
2841,1
2842,1
2843,3
2844,1
2845,7
2846,1
2847,3
2848,3
2849,6
2850,1
2851,7
2852,1
2853,1
2854,8
2855,7
2856,7
2857,1
2858,7
2859,1
2860,8
2861,1
2862,6
2863,1
2864,3
2865,6
2866,4
2867,6
2868,1
2869,3
2870,3
2871,1
2872,1
2873,1
2874,3
2875,6
2876,1
2877,2
2878,1
2879,2
2880,1
2881,1
2882,1
2883,2
2884,3
2885,3
2886,1
2887,7
2888,1
2889,4
2890,1
2891,1
2892,1
2893,1
2894,6
2895,3
2896,1
2897,4
2898,7
2899,2
2900,7
2901,4
2902,6
2903,1
2904,1
2905,1
2906,2
2907,6
2908,3
2909,3
2910,1
2911,2
2912,1
2913,3
2914,1
2915,2
2916,1
2917,2
2918,4
2919,4
2920,2
2921,1
2922,1
2923,1
2924,1
2925,6
2926,1
2927,1
2928,1
2929,1
2930,1
2931,1
2932,7
2933,1
2934,1
2935,6
2936,7
2937,1
2938,1
2939,3
2940,6
2941,1
2942,7
2943,1
2944,6
2945,6
2946,1
2947,1
2948,6
2949,4
2950,1
2951,6
2952,1
2953,1
2954,6
2955,1
2956,1
2957,1
2958,1
2959,2
2960,1
2961,4
2962,1
2963,3
2964,7
2965,3
2966,1
2967,6
2968,1
2969,3
2970,1
2971,6
2972,3
2973,1
2974,4
2975,6
2976,1
2977,6
2978,2
2979,3
2980,2
2981,3
2982,6
2983,3
2984,6
2985,1
2986,2
2987,3
2988,1
2989,6
2990,6
2991,1
2992,9
2993,3
2994,2
2995,4
2996,2
2997,3
2998,6
2999,1
3000,1
3001,3
3002,6
3003,6
3004,7
3005,6
3006,7
3007,2
3008,3
3009,1
3010,6
3011,2
3012,1
3013,1
3014,1
3015,4
3016,5
3017,3
3018,1
3019,1
3020,6
3021,6
3022,1
3023,2
3024,2
3025,1
3026,7
3027,3
3028,6
3029,1
3030,3
3031,1
3032,6
3033,3
3034,3
3035,1
3036,1
3037,2
3038,1
3039,2
3040,6
3041,6
3042,1
3043,7
3044,6
3045,1
3046,7
3047,3
3048,1
3049,1
3050,1
3051,6
3052,1
3053,3
3054,1
3055,7
3056,1
3057,1
3058,1
3059,6
3060,1
3061,1
3062,1
3063,6
3064,1
3065,6
3066,2
3067,2
3068,6
3069,3
3070,6
3071,1
3072,3
3073,7
3074,1
3075,6
3076,6
3077,4
3078,6
3079,1
3080,3
3081,1
3082,6
3083,3
3084,3
3085,3
3086,6
3087,1
3088,1
3089,1
3090,3
3091,8
3092,1
3093,1
3094,6
3095,1
3096,1
3097,3
3098,3
3099,6
3100,1
3101,1
3102,2
3103,3
3104,3
3105,3
3106,6
3107,1
3108,7
3109,1
3110,1
3111,1
3112,6
3113,1
3114,4
3115,6
3116,1
3117,3
3118,6
3119,1
3120,9
3121,1
3122,1
3123,1
3124,1
3125,1
3126,1
3127,1
3128,6
3129,3
3130,3
3131,7
3132,1
3133,6
3134,1
3135,1
3136,1
3137,1
3138,1
3139,3
3140,3
3141,1
3142,7
3143,1
3144,1
3145,7
3146,1
3147,1
3148,3
3149,6
3150,3
3151,1
3152,1
3153,1
3154,7
3155,7
3156,6
3157,3
3158,3
3159,7
3160,6
3161,3
3162,1
3163,1
3164,1
3165,1
3166,1
3167,2
3168,1
3169,1
3170,3
3171,4
3172,1
3173,1
3174,2
3175,6
3176,6
3177,2
3178,8
3179,2
3180,6
3181,1
3182,1
3183,1
3184,1
3185,6
3186,3
3187,6
3188,6
3189,3
3190,1
3191,7
3192,1
3193,7
3194,3
3195,1
3196,7
3197,1
3198,3
3199,1
3200,1
3201,7
3202,1
3203,6
3204,3
3205,7
3206,6
3207,9
3208,6
3209,4
3210,2
3211,3
3212,6
3213,2
3214,6
3215,6
3216,1
3217,3
3218,6
3219,1
3220,6
3221,1
3222,1
3223,7
3224,3
3225,3
3226,1
3227,1
3228,1
3229,1
3230,3
3231,1
3232,3
3233,3
3234,1
3235,1
3236,6
3237,1
3238,1
3239,1
3240,6
3241,1
3242,3
3243,7
3244,6
3245,3
3246,7
3247,1
3248,1
3249,1
3250,2
3251,1
3252,3
3253,2
3254,4
3255,1
3256,3
3257,3
3258,1
3259,7
3260,1
3261,2
3262,4
3263,1
3264,1
3265,2
3266,1
3267,6
3268,4
3269,1
3270,1
3271,3
3272,3
3273,1
3274,6
3275,6
3276,7
3277,7
3278,2
3279,7
3280,6
3281,2
3282,1
3283,1
3284,2
3285,1
3286,1
3287,6
3288,7
3289,4
3290,1
3291,1
3292,1
3293,2
3294,3
3295,6
3296,3
3297,1
3298,1
3299,7
3300,6
3301,1
3302,1
3303,6
3304,2
3305,3
3306,3
3307,1
3308,6
3309,2
3310,1
3311,6
3312,1
3313,1
3314,6
3315,2
3316,3
3317,1
3318,7
3319,1
3320,7
3321,1
3322,1
3323,1
3324,1
3325,3
3326,2
3327,1
3328,1
3329,2
3330,1
3331,7
3332,3
3333,1
3334,1
3335,6
3336,1
3337,2
3338,3
3339,1
3340,1
3341,1
3342,6
3343,3
3344,7
3345,6
3346,3
3347,4
3348,1
3349,2
3350,1
3351,1
3352,3
3353,4
3354,7
3355,2
3356,3
3357,1
3358,7
3359,2
3360,1
3361,6
3362,3
3363,1
3364,1
3365,3
3366,7
3367,1
3368,6
3369,4
3370,3
3371,3
3372,3
3373,6
3374,3
3375,1
3376,4
3377,1
3378,3
3379,3
3380,1
3381,1
3382,1
3383,6
3384,1
3385,2
3386,3
3387,1
3388,1
3389,3
3390,1
3391,1
3392,3
3393,1
3394,9
3395,3
3396,1
3397,3
3398,1
3399,3
3400,4
3401,1
3402,1
3403,2
3404,6
3405,2
3406,3
3407,1
3408,1
3409,6
3410,1
3411,4
3412,6
3413,1
3414,3
3415,1
3416,3
3417,3
3418,6
3419,1
3420,6
3421,1
3422,1
3423,1
3424,1
3425,9
3426,1
3427,3
3428,3
3429,3
3430,9
3431,6
3432,6
3433,6
3434,6
3435,1
3436,3
3437,6
3438,1
3439,1
3440,3
3441,3
3442,2
3443,1
3444,1
3445,3
3446,1
3447,2
3448,1
3449,1
3450,6
3451,1
3452,2
3453,6
3454,6
3455,1
3456,1
3457,4
3458,1
3459,7
3460,2
3461,2
3462,3
3463,1
3464,3
3465,1
3466,1
3467,3
3468,6
3469,6
3470,4
3471,1
3472,8
3473,1
3474,6
3475,1
3476,3
3477,1
3478,4
3479,3
3480,2
3481,1
3482,1
3483,6
3484,6
3485,3
3486,1
3487,1
3488,1
3489,2
3490,6
3491,1
3492,1
3493,4
3494,2
3495,1
3496,1
3497,1
3498,3
3499,3
3500,4
3501,3
3502,3
3503,4
3504,3
3505,1
3506,1
3507,1
3508,1
3509,1
3510,2
3511,1
3512,7
3513,3
3514,6
3515,1
3516,3
3517,2
3518,7
3519,2
3520,1
3521,1
3522,2
3523,1
3524,3
3525,3
3526,6
3527,3
3528,2
3529,1
3530,3
3531,3
3532,1
3533,3
3534,6
3535,6
3536,1
3537,1
3538,6
3539,3
3540,1
3541,1
3542,6
3543,6
3544,2
3545,1
3546,3
3547,1
3548,1
3549,2
3550,1
3551,6
3552,3
3553,3
3554,7
3555,1
3556,1
3557,6
3558,1
3559,1
3560,6
3561,3
3562,3
3563,1
3564,3
3565,1
3566,1
3567,1
3568,7
3569,2
3570,1
3571,1
3572,6
3573,6
3574,3
3575,2
3576,3
3577,6
3578,6
3579,6
3580,1
3581,1
3582,3
3583,2
3584,6
3585,2
3586,6
3587,2
3588,3
3589,6
3590,6
3591,1
3592,7
3593,1
3594,1
3595,3
3596,1
3597,3
3598,9
3599,6
3600,7
3601,3
3602,6
3603,6
3604,4
3605,2
3606,3
3607,6
3608,2
3609,2
3610,3
3611,4
3612,1
3613,1
3614,4
3615,1
3616,3
3617,1
3618,3
3619,9
3620,3
3621,7
3622,3
3623,6
3624,1
3625,1
3626,6
3627,2
3628,1
3629,3
3630,7
3631,1
3632,2
3633,1
3634,1
3635,1
3636,7
3637,2
3638,1
3639,2
3640,1
3641,6
3642,7
3643,7
3644,3
3645,1
3646,3
3647,1
3648,1
3649,1
3650,6
3651,1
3652,1
3653,1
3654,6
3655,4
3656,3
3657,1
3658,2
3659,3
3660,2
3661,2
3662,3
3663,3
3664,7
3665,3
3666,1
3667,1
3668,1
3669,1
3670,3
3671,1
3672,1
3673,3
3674,3
3675,1
3676,3
3677,2
3678,6
3679,3
3680,7
3681,6
3682,3
3683,1
3684,6
3685,7
3686,6
3687,1
3688,7
3689,1
3690,1
3691,3
3692,2
3693,3
3694,1
3695,7
3696,3
3697,1
3698,1
3699,6
3700,1
3701,6
3702,1
3703,1
3704,3
3705,6
3706,6
3707,6
3708,6
3709,1
3710,2
3711,3
3712,3
3713,4
3714,1
3715,6
3716,1
3717,1
3718,1
3719,1
3720,1
3721,1
3722,6
3723,1
3724,7
3725,6
3726,3
3727,3
3728,2
3729,1
3730,1
3731,7
3732,1
3733,1
3734,1
3735,6
3736,4
3737,7
3738,1
3739,1
3740,7
3741,1
3742,1
3743,2
3744,1
3745,1
3746,4
3747,4
3748,1
3749,1
3750,1
3751,1
3752,3
3753,3
3754,2
3755,1
3756,6
3757,1
3758,1
3759,1
3760,2
3761,6
3762,1
3763,3
3764,3
3765,2
3766,3
3767,1
3768,3
3769,3
3770,1
3771,1
3772,1
3773,6
3774,3
3775,4
3776,3
3777,1
3778,3
3779,4
3780,6
3781,1
3782,1
3783,1
3784,1
3785,3
3786,3
3787,1
3788,2
3789,4
3790,1
3791,6
3792,1
3793,1
3794,6
3795,6
3796,1
3797,2
3798,6
3799,3
3800,6
3801,1
3802,1
3803,1
3804,1
3805,1
3806,1
3807,3
3808,1
3809,3
3810,1
3811,1
3812,3
3813,6
3814,3
3815,2
3816,3
3817,1
3818,7
3819,1
3820,2
3821,1
3822,1
3823,1
3824,2
3825,1
3826,1
3827,3
3828,7
3829,6
3830,2
3831,1
3832,1
3833,3
3834,1
3835,1
3836,1
3837,1
3838,1
3839,6
3840,6
3841,2
3842,6
3843,1
3844,1
3845,6
3846,4
3847,3
3848,7
3849,1
3850,1
3851,7
3852,1
3853,6
3854,7
3855,3
3856,1
3857,2
3858,1
3859,3
3860,1
3861,7
3862,2
3863,1
3864,6
3865,1
3866,1
3867,3
3868,1
3869,3
3870,2
3871,1
3872,4
3873,6
3874,2
3875,1
3876,2
3877,6
3878,6
3879,2
3880,7
3881,7
3882,6
3883,3
3884,3
3885,1
3886,1
3887,1
3888,1
3889,3
3890,1
3891,6
3892,1
3893,3
3894,2
3895,1
3896,6
3897,6
3898,1
3899,1
3900,2
3901,4
3902,1
3903,6
3904,3
3905,3
3906,4
3907,1
3908,3
3909,3
3910,1
3911,4
3912,6
3913,1
3914,1
3915,2
3916,6
3917,6
3918,1
3919,2
3920,6
3921,1
3922,6
3923,2
3924,1
3925,2
3926,1
3927,6
3928,1
3929,2
3930,6
3931,4
3932,3
3933,2
3934,3
3935,1
3936,2
3937,1
3938,4
3939,6
3940,3
3941,1
3942,3
3943,1
3944,1
3945,6
3946,6
3947,6
3948,6
3949,1
3950,2
3951,6
3952,7
3953,3
3954,3
3955,1
3956,1
3957,3
3958,7
3959,6
3960,1
3961,3
3962,2
3963,6
3964,1
3965,1
3966,3
3967,6
3968,1
3969,3
3970,1
3971,3
3972,6
3973,4
3974,1
3975,1
3976,1
3977,1
3978,6
3979,3
3980,3
3981,1
3982,6
3983,3
3984,3
3985,6
3986,1
3987,1
3988,1
3989,8
3990,1
3991,6
3992,6
3993,3
3994,1
3995,3
3996,1
3997,1
3998,7
3999,1
4000,3
4001,1
4002,1
4003,1
4004,6
4005,7
4006,1
4007,1
4008,1
4009,3
4010,1
4011,1
4012,3
4013,3
4014,6
4015,1
4016,1
4017,1
4018,1
4019,6
4020,1
4021,6
4022,7
4023,6
4024,6
4025,1
4026,1
4027,6
4028,1
4029,6
4030,3
4031,6
4032,1
4033,1
4034,1
4035,1
4036,1
4037,1
4038,7
4039,1
4040,1
4041,3
4042,1
4043,3
4044,9
4045,6
4046,6
4047,6
4048,1
4049,3
4050,1
4051,2
4052,1
4053,1
4054,1
4055,1
4056,1
4057,6
4058,1
4059,6
4060,2
4061,6
4062,1
4063,1
4064,7
4065,1
4066,2
4067,6
4068,6
4069,6
4070,1
4071,1
4072,3
4073,3
4074,1
4075,6
4076,1
4077,1
4078,3
4079,3
4080,6
4081,1
4082,7
4083,6
4084,6
4085,6
4086,6
4087,2
4088,1
4089,1
4090,3
4091,6
4092,1
4093,2
4094,1
4095,3
4096,6
4097,3
4098,3
4099,4
4100,7
4101,1
4102,6
4103,3
4104,6
4105,6
4106,6
4107,1
4108,6
4109,3
4110,7
4111,1
4112,4
4113,7
4114,2
4115,2
4116,2
4117,6
4118,1
4119,2
4120,6
4121,1
4122,1
4123,6
4124,7
4125,6
4126,2
4127,7
4128,1
4129,6
4130,6
4131,1
4132,1
4133,6
4134,6
4135,3
4136,1
4137,1
4138,7
4139,3
4140,1
4141,3
4142,1
4143,6
4144,6
4145,7
4146,6
4147,1
4148,2
4149,3
4150,3
4151,3
4152,6
4153,6
4154,3
4155,6
4156,1
4157,6
4158,2
4159,4
4160,1
4161,2
4162,3
4163,1
4164,1
4165,6
4166,6
4167,6
4168,3
4169,2
4170,1
4171,2
4172,4
4173,1
4174,1
4175,1
4176,2
4177,4
4178,1
4179,2
4180,1
4181,3
4182,1
4183,2
4184,3
4185,3
4186,4
4187,1
4188,1
4189,4
4190,6
4191,3
4192,4
4193,3
4194,6
4195,3
4196,1
4197,7
4198,3
4199,2
4200,2
4201,6
4202,1
4203,6
4204,1
4205,3
4206,1
4207,4
4208,7
4209,1
4210,6
4211,3
4212,1
4213,6
4214,2
4215,2
4216,1
4217,2
4218,1
4219,3
4220,1
4221,1
4222,6
4223,3
4224,3
4225,3
4226,3
4227,6
4228,1
4229,1
4230,2
4231,6
4232,3
4233,3
4234,1
4235,3
4236,3
4237,2
4238,7
4239,1
4240,6
4241,3
4242,3
4243,3
4244,1
4245,1
4246,3
4247,3
4248,1
4249,2
4250,3
4251,3
4252,3
4253,3
4254,1
4255,2
4256,1
4257,1
4258,3
4259,7
4260,6
4261,3
4262,3
4263,2
4264,6
4265,4
4266,1
4267,6
4268,2
4269,4
4270,1
4271,2
4272,6
4273,1
4274,1
4275,7
4276,3
4277,3
4278,6
4279,1
4280,6
4281,4
4282,1
4283,6
4284,7
4285,7
4286,2
4287,1
4288,2
4289,1
4290,1
4291,1
4292,6
4293,4
4294,1
4295,9
4296,1
4297,1
4298,6
4299,3
4300,1
4301,2
4302,1
4303,1
4304,3
4305,1
4306,6
4307,3
4308,6
4309,2
4310,2
4311,1
4312,3
4313,1
4314,1
4315,2
4316,6
4317,7
4318,6
4319,6
4320,1
4321,1
4322,7
4323,3
4324,1
4325,7
4326,6
4327,3
4328,1
4329,1
4330,6
4331,3
4332,3
4333,7
4334,1
4335,3
4336,1
4337,1
4338,6
4339,1
4340,2
4341,1
4342,1
4343,3
4344,8
4345,2
4346,7
4347,6
4348,1
4349,6
4350,6
4351,1
4352,6
4353,3
4354,1
4355,1
4356,1
4357,1
4358,7
4359,1
4360,7
4361,4
4362,1
4363,6
4364,1
4365,3
4366,6
4367,6
4368,3
4369,3
4370,6
4371,6
4372,1
4373,3
4374,1
4375,2
4376,6
4377,2
4378,3
4379,1
4380,1
4381,6
4382,1
4383,6
4384,1
4385,1
4386,6
4387,2
4388,3
4389,1
4390,1
4391,6
4392,6
4393,3
4394,1
4395,1
4396,1
4397,6
4398,2
4399,1
4400,3
4401,3
4402,3
4403,1
4404,1
4405,3
4406,6
4407,3
4408,1
4409,1
4410,2
4411,7
4412,1
4413,1
4414,6
4415,2
4416,1
4417,3
4418,1
4419,1
4420,7
4421,6
4422,1
4423,3
4424,1
4425,1
4426,1
4427,3
4428,2
4429,3
4430,1
4431,2
4432,3
4433,1
4434,3
4435,6
4436,3
4437,1
4438,1
4439,2
4440,1
4441,6
4442,7
4443,7
4444,1
4445,1
4446,1
4447,6
4448,3
4449,1
4450,1
4451,4
4452,6
4453,7
4454,6
4455,1
4456,2
4457,3
4458,4
4459,6
4460,1
4461,1
4462,1
4463,3
4464,2
4465,3
4466,3
4467,1
4468,4
4469,1
4470,3
4471,3
4472,1
4473,4
4474,2
4475,3
4476,1
4477,1
4478,6
4479,1
4480,3
4481,6
4482,1
4483,6
4484,6
4485,6
4486,3
4487,1
4488,1
4489,3
4490,4
4491,1
4492,1
4493,1
4494,1
4495,1
4496,1
4497,1
4498,6
4499,1
4500,6
4501,1
4502,7
4503,6
4504,1
4505,1
4506,2
4507,2
4508,3
4509,1
4510,7
4511,7
4512,1
4513,9
4514,4
4515,7
4516,7
4517,1
4518,9
4519,1
4520,6
4521,3
4522,7
4523,6
4524,4
4525,7
4526,1
4527,7
4528,1
4529,3
4530,1
4531,7
4532,2
4533,4
4534,4
4535,3
4536,6
4537,4
4538,1
4539,1
4540,3
4541,3
4542,2
4543,3
4544,1
4545,1
4546,1
4547,9
4548,9
4549,6
4550,3
4551,1
4552,4
4553,1
4554,6
4555,1
4556,1
4557,1
4558,1
4559,1
4560,1
4561,1
4562,1
4563,1
4564,6
4565,1
4566,1
4567,1
4568,1
4569,1
4570,2
4571,1
4572,1
4573,1
4574,1
4575,3
4576,6
4577,1
4578,1
4579,1
4580,1
4581,1
4582,1
4583,1
4584,1
4585,6
4586,6
4587,2
4588,1
4589,1
4590,6
4591,7
4592,7
4593,6
4594,1
4595,1
4596,7
4597,7
4598,2
4599,3
4600,3
4601,3
4602,7
4603,7
4604,1
4605,6
4606,2
4607,7
4608,1
4609,1
4610,3
4611,1
4612,1
4613,7
4614,1
4615,1
4616,1
4617,1
4618,6
4619,1
4620,3
4621,1
4622,6
4623,6
4624,1
4625,3
4626,1
4627,1
4628,4
4629,1
4630,1
4631,1
4632,3
4633,6
4634,4
4635,6
4636,7
4637,3
4638,2
4639,1
4640,3
4641,3
4642,1
4643,3
4644,6
4645,1
4646,1
4647,1
4648,2
4649,3
4650,6
4651,4
4652,1
4653,6
4654,4
4655,4
4656,3
4657,6
4658,9
4659,2
4660,2
4661,2
4662,2
4663,6
4664,9
4665,1
4666,1
4667,7
4668,1
4669,6
4670,7
4671,1
4672,1
4673,6
4674,1
4675,1
4676,6
4677,3
4678,6
4679,6
4680,3
4681,3
4682,6
4683,1
4684,6
4685,1
4686,2
4687,1
4688,4
4689,1
4690,4
4691,6
4692,6
4693,3
4694,3
4695,1
4696,6
4697,7
4698,4
4699,6
4700,6
4701,3
4702,1
4703,6
4704,1
4705,7
4706,6
4707,2
4708,2
4709,6
4710,6
4711,1
4712,6
4713,3
4714,1
4715,1
4716,1
4717,1
4718,6
4719,6
4720,1
4721,3
4722,1
4723,1
4724,2
4725,3
4726,6
4727,1
4728,1
4729,1
4730,1
4731,6
4732,7
4733,7
4734,1
4735,1
4736,1
4737,1
4738,1
4739,3
4740,1
4741,7
4742,1
4743,1
4744,3
4745,3
4746,1
4747,6
4748,6
4749,1
4750,1
4751,6
4752,3
4753,6
4754,6
4755,7
4756,6
4757,6
4758,4
4759,3
4760,1
4761,1
4762,1
4763,6
4764,3
4765,7
4766,1
4767,6
4768,1
4769,1
4770,1
4771,2
4772,6
4773,1
4774,1
4775,1
4776,4
4777,6
4778,1
4779,7
4780,2
4781,2
4782,1
4783,3
4784,1
4785,3
4786,1
4787,3
4788,3
4789,1
4790,1
4791,4
4792,6
4793,3
4794,6
4795,6
4796,1
4797,6
4798,1
4799,6
4800,3
4801,3
4802,1
4803,1
4804,7
4805,3
4806,1
4807,1
4808,1
4809,3
4810,1
4811,1
4812,6
4813,1
4814,1
4815,6
4816,6
4817,3
4818,1
4819,3
4820,1
4821,7
4822,3
4823,3
4824,3
4825,1
4826,7
4827,1
4828,1
4829,1
4830,1
4831,1
4832,1
4833,1
4834,1
4835,1
4836,6
4837,3
4838,6
4839,2
4840,1
4841,4
4842,1
4843,4
4844,1
4845,6
4846,2
4847,2
4848,1
4849,1
4850,1
4851,1
4852,6
4853,3
4854,6
4855,1
4856,7
4857,1
4858,4
4859,1
4860,1
4861,1
4862,2
4863,6
4864,1
4865,1
4866,1
4867,3
4868,2
4869,3
4870,1
4871,3
4872,3
4873,3
4874,3
4875,1
4876,6
4877,1
4878,6
4879,4
4880,1
4881,1
4882,2
4883,1
4884,1
4885,6
4886,2
4887,1
4888,1
4889,1
4890,3
4891,2
4892,6
4893,1
4894,1
4895,1
4896,6
4897,1
4898,1
4899,6
4900,1
4901,7
4902,1
4903,6
4904,4
4905,1
4906,1
4907,1
4908,1
4909,6
4910,3
4911,1
4912,1
4913,4
4914,4
4915,1
4916,6
4917,3
4918,3
4919,3
4920,1
4921,3
4922,3
4923,1
4924,1
4925,1
4926,1
4927,6
4928,2
4929,2
4930,3
4931,8
4932,3
4933,1
4934,7
4935,6
4936,6
4937,1
4938,1
4939,1
4940,1
4941,6
4942,7
4943,3
4944,1
4945,6
4946,1
4947,7
4948,1
4949,3
4950,1
4951,3
4952,1
4953,1
4954,1
4955,2
4956,7
4957,1
4958,1
4959,1
4960,3
4961,6
4962,1
4963,2
4964,1
4965,1
4966,1
4967,1
4968,1
4969,3
4970,2
4971,6
4972,1
4973,1
4974,1
4975,1
4976,3
4977,1
4978,1
4979,6
4980,1
4981,6
4982,3
4983,6
4984,6
4985,1
4986,3
4987,1
4988,1
4989,1
4990,6
4991,7
4992,1
4993,6
4994,1
4995,2
4996,6
4997,4
4998,7
4999,1
5000,3
5001,1
5002,6
5003,6
5004,3
5005,1
5006,1
5007,6
5008,6
5009,1
5010,6
5011,6
5012,6
5013,6
5014,1
5015,1
5016,3
5017,3
5018,6
5019,3
5020,3
5021,3
5022,1
5023,3
5024,2
5025,1
5026,7
5027,1
5028,2
5029,3
5030,1
5031,1
5032,1
5033,6
5034,7
5035,1
5036,1
5037,1
5038,1
5039,1
5040,1
5041,6
5042,6
5043,3
5044,1
5045,6
5046,1
5047,6
5048,1
5049,4
5050,1
5051,6
5052,3
5053,7
5054,1
5055,2
5056,6
5057,2
5058,1
5059,3
5060,1
5061,6
5062,3
5063,3
5064,1
5065,1
5066,4
5067,3
5068,3
5069,1
5070,1
5071,1
5072,7
5073,6
5074,1
5075,4
5076,7
5077,7
5078,3
5079,3
5080,2
5081,1
5082,6
5083,3
5084,2
5085,1
5086,2
5087,6
5088,3
5089,3
5090,7
5091,5
5092,2
5093,3
5094,3
5095,1
5096,4
5097,1
5098,6
5099,1
5100,2
5101,1
5102,6
5103,1
5104,1
5105,4
5106,7
5107,2
5108,3
5109,1
5110,3
5111,1
5112,3
5113,4
5114,3
5115,6
5116,9
5117,1
5118,3
5119,3
5120,1
5121,1
5122,6
5123,1
5124,1
5125,6
5126,7
5127,1
5128,1
5129,2
5130,2
5131,1
5132,1
5133,3
5134,1
5135,1
5136,1
5137,2
5138,1
5139,1
5140,6
5141,1
5142,1
5143,7
5144,6
5145,3
5146,3
5147,3
5148,3
5149,3
5150,1
5151,1
5152,1
5153,3
5154,3
5155,3
5156,1
5157,6
5158,1
5159,1
5160,1
5161,6
5162,6
5163,1
5164,6
5165,4
5166,1
5167,1
5168,1
5169,3
5170,3
5171,1
5172,6
5173,1
5174,1
5175,3
5176,9
5177,7
5178,1
5179,7
5180,3
5181,6
5182,2
5183,1
5184,3
5185,3
5186,7
5187,6
5188,4
5189,1
5190,1
5191,3
5192,1
5193,6
5194,6
5195,1
5196,3
5197,1
5198,6
5199,1
5200,1
5201,1
5202,6
5203,1
5204,2
5205,3
5206,1
5207,1
5208,6
5209,3
5210,1
5211,7
5212,7
5213,3
5214,1
5215,2
5216,6
5217,1
5218,2
5219,1
5220,6
5221,6
5222,6
5223,6
5224,1
5225,6
5226,6
5227,1
5228,6
5229,3
5230,3
5231,1
5232,7
5233,3
5234,1
5235,2
5236,3
5237,1
5238,3
5239,1
5240,1
5241,1
5242,3
5243,1
5244,1
5245,1
5246,1
5247,1
5248,3
5249,6
5250,7
5251,2
5252,1
5253,1
5254,1
5255,1
5256,1
5257,2
5258,3
5259,6
5260,6
5261,1
5262,6
5263,3
5264,4
5265,3
5266,3
5267,6
5268,1
5269,2
5270,3
5271,1
5272,3
5273,6
5274,1
5275,1
5276,2
5277,1
5278,3
5279,1
5280,1
5281,6
5282,1
5283,3
5284,1
5285,6
5286,1
5287,3
5288,6
5289,2
5290,6
5291,6
5292,3
5293,7
5294,6
5295,7
5296,2
5297,1
5298,3
5299,1
5300,3
5301,1
5302,1
5303,3
5304,9
5305,6
5306,1
5307,7
5308,6
5309,1
5310,6
5311,3
5312,2
5313,1
5314,3
5315,1
5316,1
5317,6
5318,6
5319,1
5320,1
5321,3
5322,1
5323,3
5324,1
5325,1
5326,1
5327,1
5328,1
5329,1
5330,3
5331,2
5332,1
5333,3
5334,1
5335,1
5336,3
5337,6
5338,7
5339,6
5340,1
5341,3
5342,5
5343,3
5344,7
5345,1
5346,1
5347,6
5348,3
5349,3
5350,3
5351,1
5352,6
5353,7
5354,2
5355,1
5356,1
5357,2
5358,6
5359,6
5360,6
5361,3
5362,1
5363,2
5364,1
5365,1
5366,2
5367,1
5368,2
5369,1
5370,1
5371,2
5372,1
5373,2
5374,1
5375,7
5376,1
5377,3
5378,2
5379,2
5380,7
5381,7
5382,1
5383,3
5384,3
5385,1
5386,2
5387,6
5388,3
5389,1
5390,1
5391,3
5392,1
5393,4
5394,6
5395,6
5396,6
5397,3
5398,3
5399,2
5400,1
5401,6
5402,6
5403,1
5404,3
5405,6
5406,3
5407,2
5408,2
5409,1
5410,1
5411,3
5412,1
5413,3
5414,1
5415,6
5416,7
5417,1
5418,1
5419,3
5420,1
5421,1
5422,3
5423,1
5424,1
5425,1
5426,6
5427,3
5428,1
5429,1
5430,3
5431,6
5432,4
5433,1
5434,1
5435,3
5436,1
5437,6
5438,6
5439,2
5440,3
5441,1
5442,6
5443,3
5444,3
5445,7
5446,6
5447,3
5448,1
5449,1
5450,1
5451,7
5452,1
5453,4
5454,1
5455,6
5456,3
5457,6
5458,3
5459,3
5460,1
5461,7
5462,3
5463,7
5464,6
5465,6
5466,1
5467,6
5468,3
5469,1
5470,4
5471,1
5472,1
5473,3
5474,3
5475,6
5476,2
5477,1
5478,3
5479,1
5480,7
5481,2
5482,2
5483,1
5484,1
5485,6
5486,1
5487,1
5488,2
5489,1
5490,6
5491,1
5492,3
5493,6
5494,1
5495,6
5496,1
5497,6
5498,1
5499,2
5500,1
5501,6
5502,6
5503,1
5504,6
5505,3
5506,7
5507,1
5508,3
5509,4
5510,1
5511,3
5512,3
5513,4
5514,7
5515,2
5516,1
5517,6
5518,1
5519,1
5520,3
5521,1
5522,1
5523,6
5524,2
5525,3
5526,1
5527,4
5528,1
5529,3
5530,4
5531,1
5532,5
5533,2
5534,3
5535,3
5536,1
5537,3
5538,3
5539,1
5540,7
5541,1
5542,3
5543,6
5544,2
5545,2
5546,3
5547,2
5548,3
5549,1
5550,1
5551,3
5552,1
5553,3
5554,3
5555,6
5556,3
5557,2
5558,6
5559,6
5560,1
5561,3
5562,1
5563,1
5564,1
5565,3
5566,6
5567,1
5568,3
5569,7
5570,1
5571,6
5572,1
5573,1
5574,1
5575,1
5576,1
5577,3
5578,3
5579,2
5580,1
5581,6
5582,1
5583,6
5584,1
5585,6
5586,1
5587,7
5588,6
5589,7
5590,3
5591,6
5592,6
5593,3
5594,2
5595,6
5596,1
5597,6
5598,1
5599,6
5600,6
5601,2
5602,7
5603,3
5604,1
5605,1
5606,1
5607,1
5608,1
5609,6
5610,1
5611,1
5612,6
5613,1
5614,1
5615,2
5616,1
5617,6
5618,4
5619,7
5620,7
5621,2
5622,3
5623,1
5624,1
5625,1
5626,1
5627,6
5628,1
5629,1
5630,1
5631,7
5632,3
5633,6
5634,1
5635,6
5636,1
5637,6
5638,1
5639,3
5640,1
5641,6
5642,3
5643,1
5644,6
5645,1
5646,4
5647,1
5648,3
5649,1
5650,7
5651,6
5652,1
5653,6
5654,6
5655,1
5656,1
5657,7
5658,6
5659,6
5660,1
5661,1
5662,1
5663,1
5664,1
5665,1
5666,6
5667,3
5668,3
5669,1
5670,3
5671,6
5672,1
5673,1
5674,7
5675,1
5676,1
5677,7
5678,1
5679,1
5680,2
5681,1
5682,1
5683,6
5684,1
5685,2
5686,3
5687,1
5688,2
5689,3
5690,1
5691,1
5692,3
5693,3
5694,1
5695,2
5696,6
5697,2
5698,7
5699,3
5700,6
5701,3
5702,1
5703,3
5704,3
5705,1
5706,4
5707,6
5708,7
5709,6
5710,3
5711,1
5712,1
5713,7
5714,6
5715,3
5716,1
5717,3
5718,2
5719,1
5720,3
5721,2
5722,2
5723,2
5724,2
5725,6
5726,6
5727,1
5728,1
5729,1
5730,1
5731,6
5732,3
5733,1
5734,2
5735,7
5736,6
5737,7
5738,1
5739,1
5740,1
5741,3
5742,7
5743,1
5744,1
5745,3
5746,1
5747,6
5748,2
5749,1
5750,3
5751,1
5752,9
5753,3
5754,1
5755,7
5756,6
5757,6
5758,2
5759,6
5760,4
5761,3
5762,6
5763,3
5764,7
5765,1
5766,1
5767,1
5768,1
5769,3
5770,3
5771,6
5772,1
5773,4
5774,3
5775,6
5776,6
5777,3
5778,7
5779,2
5780,1
5781,3
5782,1
5783,6
5784,6
5785,1
5786,1
5787,2
5788,7
5789,2
5790,3
5791,6
5792,1
5793,1
5794,1
5795,4
5796,6
5797,1
5798,1
5799,6
5800,6
5801,7
5802,7
5803,3
5804,1
5805,3
5806,1
5807,3
5808,1
5809,3
5810,6
5811,3
5812,1
5813,4
5814,2
5815,6
5816,7
5817,1
5818,2
5819,6
5820,3
5821,4
5822,9
5823,2
5824,1
5825,6
5826,3
5827,1
5828,3
5829,1
5830,3
5831,1
5832,2
5833,3
5834,7
5835,1
5836,1
5837,1
5838,7
5839,6
5840,3
5841,1
5842,7
5843,1
5844,6
5845,3
5846,3
5847,3
5848,1
5849,1
5850,6
5851,1
5852,1
5853,6
5854,1
5855,6
5856,6
5857,1
5858,3
5859,1
5860,1
5861,6
5862,3
5863,3
5864,3
5865,6
5866,6
5867,7
5868,6
5869,6
5870,2
5871,1
5872,1
5873,3
5874,1
5875,6
5876,1
5877,1
5878,4
5879,6
5880,7
5881,1
5882,2
5883,3
5884,4
5885,1
5886,6
5887,7
5888,1
5889,1
5890,1
5891,1
5892,1
5893,6
5894,1
5895,6
5896,6
5897,3
5898,6
5899,3
5900,1
5901,3
5902,3
5903,6
5904,1
5905,1
5906,4
5907,4
5908,1
5909,3
5910,6
5911,1
5912,6
5913,1
5914,1
5915,6
5916,1
5917,7
5918,3
5919,1
5920,3
5921,7
5922,1
5923,3
5924,6
5925,7
5926,3
5927,1
5928,1
5929,1
5930,3
5931,6
5932,6
5933,1
5934,1
5935,3
5936,4
5937,1
5938,6
5939,3
5940,1
5941,7
5942,1
5943,2
5944,1
5945,4
5946,1
5947,2
5948,6
5949,1
5950,3
5951,2
5952,1
5953,4
5954,3
5955,6
5956,3
5957,6
5958,1
5959,3
5960,1
5961,1
5962,6
5963,3
5964,2
5965,1
5966,1
5967,2
5968,1
5969,7
5970,7
5971,1
5972,3
5973,6
5974,2
5975,3
5976,1
5977,1
5978,2
5979,3
5980,2
5981,4
5982,3
5983,4
5984,1
5985,1
5986,2
5987,7
5988,1
5989,1
5990,2
5991,6
5992,1
5993,1
5994,7
5995,1
5996,3
5997,1
5998,3
5999,1
6000,2
6001,1
6002,3
6003,6
6004,6
6005,1
6006,2
6007,7
6008,7
6009,1
6010,1
6011,6
6012,3
6013,2
6014,1
6015,8
6016,2
6017,1
6018,1
6019,1
6020,6
6021,6
6022,6
6023,6
6024,3
6025,6
6026,1
6027,1
6028,3
6029,1
6030,1
6031,1
6032,1
6033,1
6034,3
6035,3
6036,3
6037,4
6038,1
6039,1
6040,3
6041,6
6042,3
6043,3
6044,6
6045,6
6046,2
6047,1
6048,2
6049,1
6050,4
6051,1
6052,1
6053,1
6054,1
6055,3
6056,6
6057,1
6058,1
6059,1
6060,6
6061,1
6062,1
6063,3
6064,3
6065,1
6066,7
6067,6
6068,3
6069,1
6070,3
6071,1
6072,1
6073,3
6074,7
6075,1
6076,7
6077,1
6078,1
6079,6
6080,2
6081,1
6082,6
6083,6
6084,4
6085,6
6086,6
6087,3
6088,6
6089,1
6090,3
6091,1
6092,3
6093,1
6094,1
6095,6
6096,3
6097,1
6098,6
6099,1
6100,3
6101,2
6102,1
6103,3
6104,1
6105,6
6106,1
6107,1
6108,3
6109,4
6110,6
6111,1
6112,6
6113,2
6114,1
6115,1
6116,3
6117,2
6118,1
6119,1
6120,2
6121,1
6122,1
6123,3
6124,1
6125,2
6126,1
6127,4
6128,1
6129,9
6130,3
6131,1
6132,1
6133,1
6134,4
6135,7
6136,1
6137,6
6138,1
6139,6
6140,1
6141,3
6142,6
6143,1
6144,1
6145,7
6146,1
6147,1
6148,7
6149,6
6150,2
6151,6
6152,6
6153,6
6154,1
6155,4
6156,2
6157,6
6158,1
6159,1
6160,3
6161,1
6162,6
6163,1
6164,4
6165,1
6166,3
6167,1
6168,1
6169,7
6170,4
6171,6
6172,6
6173,4
6174,1
6175,7
6176,3
6177,1
6178,1
6179,6
6180,4
6181,1
6182,4
6183,9
6184,3
6185,1
6186,1
6187,6
6188,6
6189,7
6190,3
6191,6
6192,1
6193,6
6194,2
6195,3
6196,6
6197,3
6198,2
6199,6
6200,1
6201,1
6202,6
6203,6
6204,1
6205,7
6206,7
6207,1
6208,1
6209,7
6210,1
6211,3
6212,1
6213,1
6214,6
6215,2
6216,2
6217,7
6218,6
6219,3
6220,1
6221,1
6222,1
6223,6
6224,7
6225,6
6226,1
6227,1
6228,1
6229,2
6230,3
6231,1
6232,2
6233,2
6234,1
6235,1
6236,1
6237,1
6238,1
6239,3
6240,6
6241,1
6242,2
6243,7
6244,6
6245,1
6246,7
6247,2
6248,1
6249,6
6250,7
6251,1
6252,6
6253,6
6254,7
6255,3
6256,4
6257,1
6258,3
6259,4
6260,3
6261,1
6262,3
6263,1
6264,6
6265,1
6266,6
6267,3
6268,7
6269,6
6270,1
6271,3
6272,6
6273,7
6274,6
6275,6
6276,3
6277,2
6278,1
6279,1
6280,1
6281,1
6282,3
6283,3
6284,3
6285,7
6286,9
6287,1
6288,6
6289,3
6290,7
6291,1
6292,7
6293,1
6294,7
6295,3
6296,1
6297,1
6298,2
6299,3
6300,7
6301,6
6302,1
6303,3
6304,3
6305,1
6306,3
6307,1
6308,6
6309,1
6310,6
6311,6
6312,1
6313,6
6314,3
6315,1
6316,1
6317,2
6318,1
6319,1
6320,1
6321,3
6322,4
6323,3
6324,2
6325,1
6326,1
6327,7
6328,1
6329,1
6330,7
6331,1
6332,3
6333,6
6334,4
6335,6
6336,5
6337,1
6338,9
6339,1
6340,4
6341,6
6342,7
6343,3
6344,3
6345,3
6346,1
6347,2
6348,6
6349,1
6350,3
6351,1
6352,3
6353,2
6354,3
6355,3
6356,6
6357,3
6358,7
6359,1
6360,1
6361,1
6362,3
6363,6
6364,6
6365,1
6366,3
6367,7
6368,1
6369,7
6370,2
6371,1
6372,3
6373,6
6374,1
6375,3
6376,1
6377,1
6378,4
6379,2
6380,1
6381,1
6382,9
6383,1
6384,1
6385,1
6386,1
6387,3
6388,3
6389,1
6390,9
6391,1
6392,1
6393,1
6394,1
6395,7
6396,1
6397,6
6398,6
6399,7
6400,3
6401,1
6402,2
6403,4
6404,1
6405,3
6406,1
6407,6
6408,4
6409,6
6410,1
6411,3
6412,4
6413,9
6414,6
6415,1
6416,1
6417,6
6418,1
6419,1
6420,3
6421,7
6422,1
6423,6
6424,1
6425,7
6426,2
6427,2
6428,1
6429,1
6430,1
6431,1
6432,7
6433,2
6434,7
6435,4
6436,1
6437,1
6438,4
6439,6
6440,2
6441,6
6442,3
6443,1
6444,3
6445,1
6446,1
6447,1
6448,7
6449,2
6450,6
6451,1
6452,6
6453,1
6454,6
6455,2
6456,9
6457,6
6458,6
6459,1
6460,1
6461,6
6462,2
6463,6
6464,2
6465,1
6466,4
6467,1
6468,6
6469,6
6470,1
6471,1
6472,1
6473,3
6474,2
6475,2
6476,3
6477,3
6478,3
6479,1
6480,1
6481,6
6482,3
6483,3
6484,7
6485,6
6486,1
6487,2
6488,1
6489,4
6490,6
6491,1
6492,1
6493,6
6494,1
6495,1
6496,1
6497,6
6498,1
6499,4
6500,1
6501,6
6502,1
6503,6
6504,2
6505,2
6506,1
6507,1
6508,1
6509,1
6510,3
6511,1
6512,2
6513,3
6514,2
6515,6
6516,6
6517,7
6518,3
6519,1
6520,3
6521,6
6522,6
6523,2
6524,6
6525,1
6526,3
6527,7
6528,7
6529,6
6530,3
6531,1
6532,1
6533,6
6534,3
6535,6
6536,6
6537,7
6538,3
6539,1
6540,1
6541,7
6542,1
6543,3
6544,6
